<?xml version="1.0" encoding="UTF-8"?>
<!DOCTYPE mapper PUBLIC "-//mybatis.org//DTD Mapper 3.0//EN" "http://mybatis.org/dtd/mybatis-3-mapper.dtd">
<mapper namespace="com.loozb.mapper.sys.DicMapper">

	<!-- 通用查询映射结果 -->
	<resultMap id="BaseResultMap" type="com.loozb.model.sys.Dic">
		<result column="name" property="name" />
		<result column="value" property="value" />
		<result column="code" property="code" />
	</resultMap>


	<select id="selectIdPage" resultType="java.lang.Long">
		select id from sys_dic
		<where>
			<if test="cm.code != null and cm.code != ''">
				and code = #{cm.code}
			</if>
			<if test="cm.value != null and cm.value != ''">
				and value = #{cm.value}
			</if>
			<if test="cm.name != null and cm.name != ''">
				and name = #{cm.name}
			</if>
			<if test="cm.keyword != null and cm.keyword != ''">
				and (code like CONCAT('%',#{cm.keyword},'%') or name like CONCAT('%',#{cm.keyword},'%'))
			</if>
			and available='1'
		</where>
	</select>
</mapper>
