<?xml version="1.0" encoding="UTF-8"?>
<!DOCTYPE mapper PUBLIC "-//mybatis.org//DTD Mapper 3.0//EN" "http://mybatis.org/dtd/mybatis-3-mapper.dtd">
<mapper namespace="com.loozb.mapper.sys.SysPermissionMapper">

	<!-- 查询列表-->
	<select id="selectIdPage" resultType="java.lang.Long">
		SELECT id FROM sys_permission
		<where>
			<if test="cm.keyword != null">
				and (name like CONCAT('%',#{cm.keyword},'%') or permission like CONCAT('%',#{cm.keyword},'%') or description like CONCAT('%',#{cm.keyword},'%'))
			</if>
			<if test="cm.available != null and cm.available != ''">
				and available = #{cm.available}
			</if>
		</where>
		ORDER BY id DESC
	</select>

</mapper>
