<?xml version="1.0" encoding="UTF-8"?>
<!DOCTYPE mapper PUBLIC "-//mybatis.org//DTD Mapper 3.0//EN" "http://mybatis.org/dtd/mybatis-3-mapper.dtd">
<mapper namespace="com.loozb.mapper.sys.SysRoleResourcePermissionMapper">

	<!-- 查询列表-->
	<select id="selectIdPage" resultType="java.lang.Long">
		SELECT id FROM sys_role_resource_permission
		<where>
			<if test="cm.resourceId != null">
				and resource_id=#{cm.resourceId}
			</if>
			<if test="cm.roleId != null">
				and role_id = #{cm.roleId}
			</if>
			  and available = '1'
		</where>
		ORDER BY id DESC
	</select>

</mapper>
