<?xml version="1.0" encoding="UTF-8"?>
<!DOCTYPE mapper PUBLIC "-//mybatis.org//DTD Mapper 3.0//EN" "http://mybatis.org/dtd/mybatis-3-mapper.dtd">
<mapper namespace="com.loozb.mapper.sys.SysUserMapper">
    <!-- 查询列表-->
    <select id="selectIdPage" resultType="java.lang.Long">
        SELECT id FROM sys_user
        <where>
            <if test="cm.account != null and cm.account != ''">
                and (email = #{cm.account} or username = #{cm.account})
            </if>
            <if test="cm.password != null and cm.password != ''">
                and password = #{cm.password}
            </if>
            <if test="cm.email != null and cm.email != ''">
                and email = #{cm.email}
            </if>
            <if test="cm.locked != null and cm.locked != ''">
                and locked = #{cm.locked}
            </if>
            <if test="cm.keyword != null">
                and (username like CONCAT('%',#{cm.keyword},'%') or email like CONCAT('%',#{cm.keyword},'%') or phone like CONCAT('%',#{cm.keyword},'%') or idcard like CONCAT('%',#{cm.keyword},'%'))
            </if>
            <if test="cm.available != null and cm.available != ''">
                and available = #{cm.available}
            </if>
        </where>
        ORDER BY id DESC
    </select>

</mapper>
