 <?xml version="1.0" encoding="UTF-8"?>
<project xmlns="http://maven.apache.org/POM/4.0.0" xmlns:xsi="http://www.w3.org/2001/XMLSchema-instance"
	xsi:schemaLocation="http://maven.apache.org/POM/4.0.0 http://maven.apache.org/xsd/maven-4.0.0.xsd">
	<modelVersion>4.0.0</modelVersion>
	<parent>
		<groupId>com.loozb</groupId>
		<artifactId>loozb-web</artifactId>
		<version>1.0</version>
		<relativePath>./</relativePath>
	</parent>
	<artifactId>loozb-sys-web-server</artifactId>
	<name>${project.artifactId}</name>
	<packaging>pom</packaging>
	<url>http://maven.apache.org</url>
	<!-- clean package -P build tomcat7:run-war-only -f pom-sys-web-server.xml -->
	<modules>
		<module>loozb-common</module>
		<module>loozb-model</module>
		<module>loozb-service</module>
		<module>loozb-api</module>
	</modules>
</project>