<?xml version="1.0" encoding="UTF-8"?>
<beans xmlns:xsi="http://www.w3.org/2001/XMLSchema-instance"
	xmlns="http://www.springframework.org/schema/beans" xmlns:p="http://www.springframework.org/schema/p"
	 xmlns:c="http://www.springframework.org/schema/c"
	xmlns:context="http://www.springframework.org/schema/context"
	xsi:schemaLocation="http://www.springframework.org/schema/beans
       http://www.springframework.org/schema/beans/spring-beans-4.0.xsd  
       http://www.springframework.org/schema/context  
       http://www.springframework.org/schema/context/spring-context-4.0.xsd">
	<!-- redis连接 -->
	<bean class="com.loozb.core.config.RedissonConfig">
		<property name="password" value="${redis.password}" />
		<!-- SingleServer -->
		<property name="address" value="${redis.host}:${redis.port}" />
		<!-- ClusterServers -->
		<!-- <property name="nodeAddresses">
			<array>
				<value>${redis.host}:${redis.port}</value>
			</array>
		</property> -->
		<!-- MasterSlaveServers -->
		<!-- <property name="masterAddress" value="${redis.host}:${redis.port}" />
		<property name="slaveAddresses">
			<array>
				<value>${redis.host}:${redis.port}</value>
			</array>
		</property> -->
	</bean>
	<!-- 缓存 -->
	<bean id="redisCacheManager" class="org.redisson.spring.cache.RedissonSpringCacheManager">
		<constructor-arg index="0" ref="redissonClient" />
	</bean>
	
	<!-- Jedis线程 -->
	<bean id="jedisPoolConfig" class="redis.clients.jedis.JedisPoolConfig">
		<property name="maxIdle" value="${redis.maxIdle}" />
		<property name="minIdle" value="${redis.minIdle}" />
		<property name="maxTotal" value="${redis.maxTotal}" />
		<property name="maxWaitMillis" value="${redis.maxWaitMillis}" />
		<property name="testOnBorrow" value="true" />
	</bean>
	<bean id="jedisShardInfo" class="com.loozb.core.support.cache.jedis.JedisShardInfo">
		<constructor-arg index="0" value="${redis.host}" />
		<constructor-arg index="1" value="${redis.port}" type="int" />
		<property name="password" value="${redis.password}" />
	</bean>
	<!-- Redis连接 -->
	<bean id="jedisConnectionFactory" class="org.springframework.data.redis.connection.jedis.JedisConnectionFactory"
		p:pool-config-ref="jedisPoolConfig" p:shard-info-ref="jedisShardInfo" />
    <!-- 缓存序列化方式 -->
    <bean id="keySerializer" class="org.springframework.data.redis.serializer.StringRedisSerializer" />
	<bean id="valueSerializer" class="org.springframework.data.redis.serializer.GenericJackson2JsonRedisSerializer" />
    <!-- 缓存 -->
	<bean id="redisTemplate" class="org.springframework.data.redis.core.RedisTemplate">
		<property name="connectionFactory" ref="jedisConnectionFactory" />
		<property name="keySerializer" ref="keySerializer" />
		<property name="valueSerializer" ref="valueSerializer" />
		<property name="hashKeySerializer" ref="keySerializer" />
		<property name="hashValueSerializer" ref="valueSerializer" />
	</bean>
</beans>