<?xml version="1.0" encoding="UTF-8"?>
<beans xmlns:xsi="http://www.w3.org/2001/XMLSchema-instance"
	xmlns="http://www.springframework.org/schema/beans" xmlns:context="http://www.springframework.org/schema/context"
	xsi:schemaLocation="http://www.springframework.org/schema/beans
        http://www.springframework.org/schema/beans/spring-beans-4.0.xsd  
        http://www.springframework.org/schema/context
        http://www.springframework.org/schema/context/spring-context-4.0.xsd">
	<!-- SPRING-SESSION -->
	<bean class="org.springframework.session.data.redis.config.annotation.web.http.RedisHttpSessionConfiguration">
        <property name="maxInactiveIntervalInSeconds" value="${session.maxInactiveInterval}" />
        <property name="redisNamespace" value="${session.redis.namespace}" />
	</bean>
	<bean class="org.springframework.session.config.annotation.web.http.SpringHttpSessionConfiguration">
		<property name="httpSessionListeners">
			<list>
				<bean class="com.loozb.core.listener.SessionListener" />
			</list>
		</property>
	</bean>
	 <!-- 设置Cookie domain 和 名称 -->
    <!-- <bean id="defaultCookieSerializer" class="org.springframework.session.web.http.DefaultCookieSerializer">
        <property name="domainName" value=".example.com"/>
        <property name="cookieName" value="JSESSIONID"/>
        <property name="domainNamePattern" value="^.+?\\.(\\w+\\.[a-z]+)$"/>
    </bean> -->
</beans>