<?xml version="1.0" encoding="UTF-8"?>
<!DOCTYPE mapper PUBLIC "-//mybatis.org//DTD Mapper 3.0//EN" "http://mybatis.org/dtd/mybatis-3-mapper.dtd">
<mapper namespace="com.loozb.mapper.blog.ArticleMapper">

	<!-- 查询列表-->
	<select id="selectIdPage" resultType="java.lang.Long">
		SELECT id FROM tb_article
		<where>
			<if test="cm.confirm != null and cm.confirm != ''">
				and confirm = #{cm.confirm}
			</if>
			<if test="cm.classification != null and cm.classification != ''">
				and classification = #{cm.classification}
			</if>
			<if test="cm.keyword != null">
				and (title like CONCAT('%',#{cm.keyword},'%') or content like CONCAT('%',#{cm.keyword},'%'))
			</if>
			and available ='1'
		</where>
		ORDER BY sort DESC, id DESC
	</select>


</mapper>
