<?xml version="1.0" encoding="UTF-8"?>
<beans xmlns="http://www.springframework.org/schema/beans"
       xmlns:xsi="http://www.w3.org/2001/XMLSchema-instance"
       xmlns:context="http://www.springframework.org/schema/context"
       xmlns:aop="http://www.springframework.org/schema/aop"
       xsi:schemaLocation="http://www.springframework.org/schema/beans
         http://www.springframework.org/schema/beans/spring-beans-4.0.xsd
         http://www.springframework.org/schema/aop http://www.springframework.org/schema/aop/spring-aop.xsd
         http://www.springframework.org/schema/context
         http://www.springframework.org/schema/context/spring-context-4.0.xsd">
    <!-- 引入属性配置文件 -->
    <bean class="com.loozb.core.util.PropertiesUtil">
        <property name="locations">
            <list>
                <value>${sys.jdbc.config.path}</value>
                <value>${system.config.path}</value>
            </list>
        </property>
        <property name="properties">
            <props>
                <!-- Web端常用数据缓存时间(秒) -->
                <prop key="redis.expiration">1800</prop>
            </props>
        </property>
        <property name="decryptProperties">
            <array>
                <!-- 需要解密的配置
                <value>db.password</value>
                <value>db.password</value>-->
            </array>
        </property>
    </bean>

    <!-- 扫描service注解 -->
    <context:component-scan base-package="com.loozb">
        <context:exclude-filter type="annotation" expression="org.springframework.stereotype.Controller"/>
        <context:exclude-filter type="annotation" expression="org.springframework.cache.annotation.EnableCaching"/>
    </context:component-scan>
    <!-- 引入SPRING配置文件 -->
    <!-- <import resource="spring/mq.xml"/> -->
    <import resource="spring/redis.xml"/>
    <import resource="spring/shiro.xml"/>
    <import resource="spring/dataSource.xml"/>
    <import resource="spring/mybatis.xml"/>
</beans>